"","value","AA","perc"
"A",104162,"A",7.37619127875604
"C",21798,"C",1.54361684198003
"D",75974,"D",5.38006908673232
"E",114861,"E",8.13383677799195
"F",47771,"F",3.38288467557703
"G",92794,"G",6.57117080625265
"H",31054,"H",2.19907686076007
"I",65094,"I",4.60960614330894
"L",130814,"L",9.26354223170823
"M",32829,"M",2.32477279132776
"N",52269,"N",3.70140878582688
"P",80896,"P",5.72861859110087
"Q",68808,"Q",4.87261160028269
"R",78356,"R",5.54874948482372
"S",106859,"S",7.56717827861016
"T",74448,"T",5.27200599374849
"W",13544,"W",0.959113061188071
"Y",36490,"Y",2.58402507403667
"K",96627,"K",6.84260320167009
"V",86690,"V",6.13891843431733
